<?xml version="1.0" encoding="UTF-8"?>
<metadata xml:lang="en"><Esri><CreaDate>20250121</CreaDate><CreaTime>21584100</CreaTime><ArcGISFormat>1.0</ArcGISFormat><SyncOnce>FALSE</SyncOnce><DataProperties><lineage><Process ToolSource="c:\users\anony\appdata\local\programs\arcgis\pro\Resources\ArcToolbox\toolboxes\Data Management Tools.tbx\CreateFeatureclass" Date="20250121" Time="215841">CreateFeatureclass C:\Users\anony\Music\1 Gujarat_AC_ Polygon Gujarat_Election_Boundary2022 "Same as the template feature class" "Same as the template feature class" "PROJCS["WGS_1984_Web_Mercator_Auxiliary_Sphere",GEOGCS["GCS_WGS_1984",DATUM["D_WGS_1984",SPHEROID["WGS_1984",6378137.0,298.257223563]],PRIMEM["Greenwich",0.0],UNIT["Degree",0.0174532925199433]],PROJECTION["Mercator_Auxiliary_Sphere"],PARAMETER["False_Easting",0.0],PARAMETER["False_Northing",0.0],PARAMETER["Central_Meridian",0.0],PARAMETER["Standard_Parallel_1",0.0],PARAMETER["Auxiliary_Sphere_Type",0.0],UNIT["Meter",1.0]];-20037700 -30241100 10000;-100000 10000;-100000 10000;0.001;0.001;0.001;IsHighPrecision" # 0 0 0 #</Process><Process ToolSource="c:\users\anony\appdata\local\programs\arcgis\pro\Resources\ArcToolbox\toolboxes\Conversion Tools.tbx\ExportFeatures" Date="20250121" Time="221206">ExportFeatures Gujarat_AC_ C:\Users\anony\Music\Gujarat_AC_.shp # NOT_USE_ALIAS "uid "uid" true true false 10 Text 0 0,First,#,Gujarat_AC_,Gujarat_AC_.uid,0,10;cons_code "cons_code" true true false 5 Long 0 5,First,#,Gujarat_AC_,Gujarat_AC_.cons_code,-1,-1;cons_name "cons_name" true true false 150 Text 0 0,First,#,Gujarat_AC_,Gujarat_AC_.cons_name,0,150;state_ut "state_ut" true true false 150 Text 0 0,First,#,Gujarat_AC_,Gujarat_AC_.state_ut,0,150;winner_can "winner_can" true true false 100 Text 0 0,First,#,Gujarat_AC_,Gujarat_AC_.winner_can,0,100;leading_pa "leading_pa" true true false 100 Text 0 0,First,#,Gujarat_AC_,Gujarat_AC_.leading_pa,0,100;runner_up "runner_up" true true false 100 Text 0 0,First,#,Gujarat_AC_,Gujarat_AC_.runner_up,0,100;runner_up_ "runner_up_" true true false 100 Text 0 0,First,#,Gujarat_AC_,Gujarat_AC_.runner_up_,0,100;margin "margin" true true false 10 Long 0 10,First,#,Gujarat_AC_,Gujarat_AC_.margin,-1,-1;Shape__Are "Shape__Are" true true false 19 Double 0 0,First,#,Gujarat_AC_,Gujarat_AC_.Shape__Are,-1,-1;Shape__Len "Shape__Len" true true false 19 Double 0 0,First,#,Gujarat_AC_,Gujarat_AC_.Shape__Len,-1,-1;uid "Unique Identification Number" true true false 10 Text 0 0,First,#,Gujarat_AC_,L0Gujarat_Election_Boundary2022.uid,0,10;cons_code "Constituency Code" true true false 0 Short 0 0,First,#,Gujarat_AC_,L0Gujarat_Election_Boundary2022.cons_code,-1,-1;cons_name "Constituency Name" true true false 150 Text 0 0,First,#,Gujarat_AC_,L0Gujarat_Election_Boundary2022.cons_name,0,150;leading_party "Winner Party" true true false 100 Text 0 0,First,#,Gujarat_AC_,L0Gujarat_Election_Boundary2022.leading_party,0,100;winner_candidate "Winner Candidate" true true false 100 Text 0 0,First,#,Gujarat_AC_,L0Gujarat_Election_Boundary2022.winner_candidate,0,100;runner_up_party "Runner Up Party" true true false 100 Text 0 0,First,#,Gujarat_AC_,L0Gujarat_Election_Boundary2022.runner_up_party,0,100;runner_up "Runner Up" true true false 100 Text 0 0,First,#,Gujarat_AC_,L0Gujarat_Election_Boundary2022.runner_up,0,100;margin "Margin" true true false 0 Long 0 0,First,#,Gujarat_AC_,L0Gujarat_Election_Boundary2022.margin,-1,-1;state_ut "State Name" true true false 150 Text 0 0,First,#,Gujarat_AC_,L0Gujarat_Election_Boundary2022.state_ut,0,150;objectid "objectid" false true false 0 Long 0 9,First,#,Gujarat_AC_,L0Gujarat_Election_Boundary2022.objectid,-1,-1;Shape__Area "st_area(shape)" false true true 0 Double 0 0,First,#,Gujarat_AC_,L0Gujarat_Election_Boundary2022.Shape__Area,-1,-1;Shape__Length "st_length(shape)" false true true 0 Double 0 0,First,#,Gujarat_AC_,L0Gujarat_Election_Boundary2022.Shape__Length,-1,-1" #</Process><Process ToolSource="c:\users\anony\appdata\local\programs\arcgis\pro\Resources\ArcToolbox\Toolboxes\Data Management Tools.tbx\DeleteField" Date="20250121" Time="222501">DeleteField Gujarat_AC_ winner_can "Delete Fields"</Process><Process ToolSource="c:\users\anony\appdata\local\programs\arcgis\pro\Resources\ArcToolbox\Toolboxes\Data Management Tools.tbx\DeleteField" Date="20250121" Time="222509">DeleteField Gujarat_AC_ leading_pa "Delete Fields"</Process><Process ToolSource="c:\users\anony\appdata\local\programs\arcgis\pro\Resources\ArcToolbox\Toolboxes\Data Management Tools.tbx\DeleteField" Date="20250121" Time="222515">DeleteField Gujarat_AC_ runner_up "Delete Fields"</Process><Process ToolSource="c:\users\anony\appdata\local\programs\arcgis\pro\Resources\ArcToolbox\Toolboxes\Data Management Tools.tbx\DeleteField" Date="20250121" Time="222522">DeleteField Gujarat_AC_ runner_up_ "Delete Fields"</Process><Process ToolSource="c:\users\anony\appdata\local\programs\arcgis\pro\Resources\ArcToolbox\Toolboxes\Data Management Tools.tbx\DeleteField" Date="20250121" Time="222527">DeleteField Gujarat_AC_ margin "Delete Fields"</Process><Process ToolSource="c:\users\anony\appdata\local\programs\arcgis\pro\Resources\ArcToolbox\Toolboxes\Data Management Tools.tbx\DeleteField" Date="20250121" Time="222602">DeleteField Gujarat_AC_ Shape__Are "Delete Fields"</Process><Process ToolSource="c:\users\anony\appdata\local\programs\arcgis\pro\Resources\ArcToolbox\Toolboxes\Data Management Tools.tbx\DeleteField" Date="20250121" Time="222608">DeleteField Gujarat_AC_ Shape__Len "Delete Fields"</Process><Process ToolSource="c:\users\anony\appdata\local\programs\arcgis\pro\Resources\ArcToolbox\Toolboxes\Data Management Tools.tbx\DeleteField" Date="20250121" Time="222620">DeleteField Gujarat_AC_ leading__1 "Delete Fields"</Process><Process ToolSource="c:\users\anony\appdata\local\programs\arcgis\pro\Resources\ArcToolbox\Toolboxes\Data Management Tools.tbx\DeleteField" Date="20250121" Time="222631">DeleteField Gujarat_AC_ winner_c_1 "Delete Fields"</Process><Process ToolSource="c:\users\anony\appdata\local\programs\arcgis\pro\Resources\ArcToolbox\Toolboxes\Data Management Tools.tbx\DeleteField" Date="20250121" Time="222637">DeleteField Gujarat_AC_ runner_up1 "Delete Fields"</Process><Process ToolSource="c:\users\anony\appdata\local\programs\arcgis\pro\Resources\ArcToolbox\Toolboxes\Data Management Tools.tbx\DeleteField" Date="20250121" Time="222643">DeleteField Gujarat_AC_ runner_u_1 "Delete Fields"</Process><Process ToolSource="c:\users\anony\appdata\local\programs\arcgis\pro\Resources\ArcToolbox\Toolboxes\Data Management Tools.tbx\DeleteField" Date="20250121" Time="222651">DeleteField Gujarat_AC_ margin_1 "Delete Fields"</Process><Process ToolSource="c:\users\anony\appdata\local\programs\arcgis\pro\Resources\ArcToolbox\Toolboxes\Data Management Tools.tbx\DeleteField" Date="20250121" Time="222705">DeleteField Gujarat_AC_ cons_nam_1 "Delete Fields"</Process><Process ToolSource="c:\users\anony\appdata\local\programs\arcgis\pro\Resources\ArcToolbox\Toolboxes\Data Management Tools.tbx\DeleteField" Date="20250121" Time="222711">DeleteField Gujarat_AC_ state_ut_1 "Delete Fields"</Process><Process ToolSource="c:\users\anony\appdata\local\programs\arcgis\pro\Resources\ArcToolbox\toolboxes\Conversion Tools.tbx\ExportFeatures" Date="20250121" Time="222829">ExportFeatures Gujarat_AC_ C:\Users\anony\Music\Gujarat_AC.shp # NOT_USE_ALIAS "uid "uid" true true false 10 Text 0 0,First,#,Gujarat_AC_,uid,0,10;cons_code "cons_code" true true false 5 Long 0 5,First,#,Gujarat_AC_,cons_code,-1,-1;cons_name "cons_name" true true false 150 Text 0 0,First,#,Gujarat_AC_,cons_name,0,150;state_ut "state_ut" true true false 150 Text 0 0,First,#,Gujarat_AC_,state_ut,0,150;uid_1 "uid_1" true true false 10 Text 0 0,First,#,Gujarat_AC_,uid_1,0,10;cons_cod_1 "cons_cod_1" true true false 5 Long 0 5,First,#,Gujarat_AC_,cons_cod_1,-1,-1;objectid "objectid" true true false 9 Long 0 9,First,#,Gujarat_AC_,objectid,-1,-1;Shape__A_1 "Shape__A_1" true true false 19 Double 0 0,First,#,Gujarat_AC_,Shape__A_1,-1,-1;Shape__L_1 "Shape__L_1" true true false 19 Double 0 0,First,#,Gujarat_AC_,Shape__L_1,-1,-1" #</Process></lineage><itemProps><itemName Sync="TRUE">Gujarat_AC</itemName><imsContentType Sync="TRUE">002</imsContentType><itemSize Sync="TRUE">0.000</itemSize><itemLocation><linkage Sync="TRUE">file://\\DESKTOP-OFVDI5T\C$\Users\anony\Music\Gujarat_AC.shp</linkage><protocol Sync="TRUE">Local Area Network</protocol></itemLocation></itemProps><coordRef><type Sync="TRUE">Projected</type><geogcsn Sync="TRUE">GCS_WGS_1984</geogcsn><csUnits Sync="TRUE">Linear Unit: Meter (1.000000)</csUnits><projcsn Sync="TRUE">WGS_1984_Web_Mercator_Auxiliary_Sphere</projcsn><peXml Sync="TRUE">&lt;ProjectedCoordinateSystem xsi:type='typens:ProjectedCoordinateSystem' xmlns:xsi='http://www.w3.org/2001/XMLSchema-instance' xmlns:xs='http://www.w3.org/2001/XMLSchema' xmlns:typens='http://www.esri.com/schemas/ArcGIS/3.1.0'&gt;&lt;WKT&gt;PROJCS[&amp;quot;WGS_1984_Web_Mercator_Auxiliary_Sphere&amp;quot;,GEOGCS[&amp;quot;GCS_WGS_1984&amp;quot;,DATUM[&amp;quot;D_WGS_1984&amp;quot;,SPHEROID[&amp;quot;WGS_1984&amp;quot;,6378137.0,298.257223563]],PRIMEM[&amp;quot;Greenwich&amp;quot;,0.0],UNIT[&amp;quot;Degree&amp;quot;,0.0174532925199433]],PROJECTION[&amp;quot;Mercator_Auxiliary_Sphere&amp;quot;],PARAMETER[&amp;quot;False_Easting&amp;quot;,0.0],PARAMETER[&amp;quot;False_Northing&amp;quot;,0.0],PARAMETER[&amp;quot;Central_Meridian&amp;quot;,0.0],PARAMETER[&amp;quot;Standard_Parallel_1&amp;quot;,0.0],PARAMETER[&amp;quot;Auxiliary_Sphere_Type&amp;quot;,0.0],UNIT[&amp;quot;Meter&amp;quot;,1.0],AUTHORITY[&amp;quot;EPSG&amp;quot;,3857]]&lt;/WKT&gt;&lt;XOrigin&gt;-20037700&lt;/XOrigin&gt;&lt;YOrigin&gt;-30241100&lt;/YOrigin&gt;&lt;XYScale&gt;148923141.92838538&lt;/XYScale&gt;&lt;ZOrigin&gt;-100000&lt;/ZOrigin&gt;&lt;ZScale&gt;10000&lt;/ZScale&gt;&lt;MOrigin&gt;-100000&lt;/MOrigin&gt;&lt;MScale&gt;10000&lt;/MScale&gt;&lt;XYTolerance&gt;0.001&lt;/XYTolerance&gt;&lt;ZTolerance&gt;0.001&lt;/ZTolerance&gt;&lt;MTolerance&gt;0.001&lt;/MTolerance&gt;&lt;HighPrecision&gt;true&lt;/HighPrecision&gt;&lt;WKID&gt;102100&lt;/WKID&gt;&lt;LatestWKID&gt;3857&lt;/LatestWKID&gt;&lt;/ProjectedCoordinateSystem&gt;</peXml></coordRef></DataProperties><SyncDate>20250121</SyncDate><SyncTime>22282900</SyncTime><ModDate>20250121</ModDate><ModTime>22282900</ModTime></Esri><dataIdInfo><envirDesc Sync="TRUE">Microsoft Windows 10 Version 10.0 (Build 22631) ; Esri ArcGIS 13.1.0.41833</envirDesc><dataLang><languageCode value="eng" Sync="TRUE"></languageCode><countryCode value="IND" Sync="TRUE"></countryCode></dataLang><idCitation><resTitle Sync="TRUE">Gujarat_AC</resTitle><presForm><PresFormCd value="005" Sync="TRUE"></PresFormCd></presForm></idCitation><spatRpType><SpatRepTypCd value="001" Sync="TRUE"></SpatRepTypCd></spatRpType></dataIdInfo><mdLang><languageCode value="eng" Sync="TRUE"></languageCode><countryCode value="IND" Sync="TRUE"></countryCode></mdLang><mdChar><CharSetCd value="004" Sync="TRUE"></CharSetCd></mdChar><distInfo><distFormat><formatName Sync="TRUE">Shapefile</formatName></distFormat><distTranOps><transSize Sync="TRUE">0.000</transSize></distTranOps></distInfo><mdHrLv><ScopeCd value="005" Sync="TRUE"></ScopeCd></mdHrLv><mdHrLvName Sync="TRUE">dataset</mdHrLvName><refSysInfo><RefSystem><refSysID><identCode code="3857" Sync="TRUE"></identCode><idCodeSpace Sync="TRUE">EPSG</idCodeSpace><idVersion Sync="TRUE">6.18.3(9.3.1.2)</idVersion></refSysID></RefSystem></refSysInfo><spatRepInfo><VectSpatRep><geometObjs Name="Gujarat_AC"><geoObjTyp><GeoObjTypCd value="002" Sync="TRUE"></GeoObjTypCd></geoObjTyp><geoObjCnt Sync="TRUE">0</geoObjCnt></geometObjs><topLvl><TopoLevCd value="001" Sync="TRUE"></TopoLevCd></topLvl></VectSpatRep></spatRepInfo><spdoinfo><ptvctinf><esriterm Name="Gujarat_AC"><efeatyp Sync="TRUE">Simple</efeatyp><efeageom code="4" Sync="TRUE"></efeageom><esritopo Sync="TRUE">FALSE</esritopo><efeacnt Sync="TRUE">0</efeacnt><spindex Sync="TRUE">FALSE</spindex><linrefer Sync="TRUE">FALSE</linrefer></esriterm></ptvctinf></spdoinfo><eainfo><detailed Name="Gujarat_AC"><enttyp><enttypl Sync="TRUE">Gujarat_AC</enttypl><enttypt Sync="TRUE">Feature Class</enttypt><enttypc Sync="TRUE">0</enttypc></enttyp><attr><attrlabl Sync="TRUE">FID</attrlabl><attalias Sync="TRUE">FID</attalias><attrtype Sync="TRUE">OID</attrtype><attwidth Sync="TRUE">4</attwidth><atprecis Sync="TRUE">0</atprecis><attscale Sync="TRUE">0</attscale><attrdef Sync="TRUE">Internal feature number.</attrdef><attrdefs Sync="TRUE">Esri</attrdefs><attrdomv><udom Sync="TRUE">Sequential unique whole numbers that are automatically generated.</udom></attrdomv></attr><attr><attrlabl Sync="TRUE">Shape</attrlabl><attalias Sync="TRUE">Shape</attalias><attrtype Sync="TRUE">Geometry</attrtype><attwidth Sync="TRUE">0</attwidth><atprecis Sync="TRUE">0</atprecis><attscale Sync="TRUE">0</attscale><attrdef Sync="TRUE">Feature geometry.</attrdef><attrdefs Sync="TRUE">Esri</attrdefs><attrdomv><udom Sync="TRUE">Coordinates defining the features.</udom></attrdomv></attr><attr><attrlabl Sync="TRUE">uid</attrlabl><attalias Sync="TRUE">uid</attalias><attrtype Sync="TRUE">String</attrtype><attwidth Sync="TRUE">10</attwidth><atprecis Sync="TRUE">0</atprecis><attscale Sync="TRUE">0</attscale></attr><attr><attrlabl Sync="TRUE">cons_code</attrlabl><attalias Sync="TRUE">cons_code</attalias><attrtype Sync="TRUE">Integer</attrtype><attwidth Sync="TRUE">5</attwidth><atprecis Sync="TRUE">5</atprecis><attscale Sync="TRUE">0</attscale></attr><attr><attrlabl Sync="TRUE">cons_name</attrlabl><attalias Sync="TRUE">cons_name</attalias><attrtype Sync="TRUE">String</attrtype><attwidth Sync="TRUE">150</attwidth><atprecis Sync="TRUE">0</atprecis><attscale Sync="TRUE">0</attscale></attr><attr><attrlabl Sync="TRUE">state_ut</attrlabl><attalias Sync="TRUE">state_ut</attalias><attrtype Sync="TRUE">String</attrtype><attwidth Sync="TRUE">150</attwidth><atprecis Sync="TRUE">0</atprecis><attscale Sync="TRUE">0</attscale></attr><attr><attrlabl Sync="TRUE">uid_1</attrlabl><attalias Sync="TRUE">uid_1</attalias><attrtype Sync="TRUE">String</attrtype><attwidth Sync="TRUE">10</attwidth><atprecis Sync="TRUE">0</atprecis><attscale Sync="TRUE">0</attscale></attr><attr><attrlabl Sync="TRUE">cons_cod_1</attrlabl><attalias Sync="TRUE">cons_cod_1</attalias><attrtype Sync="TRUE">Integer</attrtype><attwidth Sync="TRUE">5</attwidth><atprecis Sync="TRUE">5</atprecis><attscale Sync="TRUE">0</attscale></attr><attr><attrlabl Sync="TRUE">objectid</attrlabl><attalias Sync="TRUE">objectid</attalias><attrtype Sync="TRUE">Integer</attrtype><attwidth Sync="TRUE">9</attwidth><atprecis Sync="TRUE">9</atprecis><attscale Sync="TRUE">0</attscale></attr><attr><attrlabl Sync="TRUE">Shape__A_1</attrlabl><attalias Sync="TRUE">Shape__A_1</attalias><attrtype Sync="TRUE">Double</attrtype><attwidth Sync="TRUE">19</attwidth><atprecis Sync="TRUE">0</atprecis><attscale Sync="TRUE">0</attscale></attr><attr><attrlabl Sync="TRUE">Shape__L_1</attrlabl><attalias Sync="TRUE">Shape__L_1</attalias><attrtype Sync="TRUE">Double</attrtype><attwidth Sync="TRUE">19</attwidth><atprecis Sync="TRUE">0</atprecis><attscale Sync="TRUE">0</attscale></attr></detailed></eainfo><mdDateSt Sync="TRUE">20250121</mdDateSt></metadata>
